"original_file_retained","deleted_duplicate_file"
"question_2/2026-05-27/dzx/oapkxjcegq.csv","question_2/2026-05-27/lan/jspryazhlw.csv"
"question_2/2026-05-27/dzx/xuewmyklsh.csv","question_2/2026-05-27/per/ciwavjoqsd.csv"
"question_2/2026-05-27/kmb/gjldvpirhb.csv","question_2/2026-05-27/xbe/lezcotjuyg.csv"
"question_2/2026-05-27/per/wuaksoehiy.csv","question_2/2026-05-28/ahb/zkhlwugosn.csv"
"question_2/2026-05-27/kmb/unolcrgmez.csv","question_2/2026-05-28/dxi/wtzaxcjupr.csv"
"question_2/2026-05-27/xbe/potcihqyga.csv","question_2/2026-05-28/fxs/fzqbonmwus.csv"
"question_2/2026-05-27/syz/bmhqtwrpuo.csv","question_2/2026-05-28/fxs/kmyzoxjisg.csv"
"question_2/2026-05-27/syz/nbzoidcpvj.csv","question_2/2026-05-28/hgy/jhuyvfoezc.csv"
"question_2/2026-05-27/hgb/rludwatnoe.csv","question_2/2026-05-28/hgy/xacqlfvtbn.csv"
"question_2/2026-05-27/kmb/jzuabwnmos.csv","question_2/2026-05-29/ipy/klcyuqitag.csv"
"question_2/2026-05-27/syz/aphcifnkxq.csv","question_2/2026-05-29/oih/afiksyjzwl.csv"
"question_2/2026-05-29/gol/odptlsanwz.csv","question_2/2026-05-29/oih/fmvqpokzhe.csv"
"question_2/2026-05-28/dxi/ednkivlsxh.csv","question_2/2026-05-29/oih/lkctaqunzi.csv"
"question_2/2026-05-27/syz/oslrydwgam.csv","question_2/2026-05-29/rpl/jfrulykemh.csv"
"question_2/2026-05-28/dxi/ahgtvojiwm.csv","question_2/2026-05-29/rpl/smdeiwyzbh.csv"
